{"cameraMode":{"drawMode":0,"name":"Shaded","section":"Shading Mode"},"sceneLighting":false,"audioPlay":false,"sceneViewState":{"showFog":true,"showMaterialUpdate":false,"showSkybox":false,"showFlares":true,"showImageEffects":true,"showParticleSystems":true},"in2DMode":false,"pivot":{"x":-6.748000144958496,"y":1.509900689125061,"z":-0.14599990844726563},"rotation":{"x":-0.019282128661870958,"y":0.2842879295349121,"z":0.0056808083318173889,"w":0.958559513092041},"size":5.861603260040283,"orthographic":false}